14/11/23 10.04 - Pesan dan panggilan dienkripsi secara end-to-end. Tidak seorang pun di luar chat ini_numeric, termasuk WhatsApp_numeric, yang dapat membaca atau mendengarkannya. Ketuk untuk info selengkapnya._numeric
1.1931744954071615,0.4629005158512346,-0.3863496784168687
0.18396233385961833,0.4629005158512346,-0.3863496784168687
0.126630803241027,0.4629005158512346,-0.3863496784168687
0.29362771607533494,0.4629005158512346,-0.3863496784168687
0.2602744114001606,0.4629005158512346,-0.3863496784168687
0.7136985878689889,0.4629005158512346,-0.3863496784168687
0.2244045449482197,0.4629005158512346,-0.3863496784168687
0.19076768401650832,0.4629005158512346,-0.3863496784168687
0.27298127614622864,0.4629005158512346,-0.3863496784168687
1.5501541001213146,0.4629005158512346,-0.3863496784168687
0.25089933266840336,0.4629005158512346,-0.3863496784168687
0.16790596083320605,0.4629005158512346,-0.3863496784168687
0.1524875893840022,0.4629005158512346,-0.3863496784168687
0.3489920751642003,0.4629005158512346,-0.3863496784168687
-1.652259372144359,-2.180226093742074,0.4778535496208639
-1.8360569931784891,-2.1572201561343953,1.3420567776585965
-2.441644545811529,-2.143160972040814,3.5889851705567013
